"stim","mAttractive","mTrustworthy","mDominance","dom"
"F003C",4.7188631,6.053175375,5.73286285,"dominant"
"F005C",7.200235383,6.781754075,5.53175403,"dominant"
"F006C",4.918104356,5.995967725,5.52368945,"dominant"
"F008C",4.521462195,6.108619025,5.40574605,"dominant"
"F010C",3.664762785,4.507560405,5.375504115,"dominant"
"F012C",4.416885827,5.129536325,5.36139125,"dominant"
"F014C",4.431257656,6.5977822,5.333165315,"dominant"
"F019C",3.465711359,5.266885025,5.22429445,"dominant"
"F022C",5.067625233,5.909022073,5.141633062,"dominant"
"F024C",4.180487417,5.675151225,5.141129085,"dominant"
"F028C",4.726963857,6.45161295,5.14012095,"dominant"
"F033C",5.54434681,6.0587197,5.11844765,"dominant"
"F035C",4.483353656,5.7069052,5.072076541,"dominant"
"F036C",2.685263507,4.827872975,5.059979865,"dominant"
"F040C",5.3752528,7.028729825,5.050907265,"dominant"
"F041C",4.038448769,6.30393141,5.0342742,"dominant"
"F042C",5.153722065,6.21194555,5.0055444,"dominant"
"F043C",4.5676952,5.871471775,4.9904233,"dominant"
"F009C",4.377564538,6.329133075,1.794354811,"nondominant"
"F011C",2.241835566,3.60685487,2.177923285,"nondominant"
"F016C",4.239147882,5.533014075,2.80241939,"nondominant"
"F021C",4.775063015,5.659778275,2.882056425,"nondominant"
"F025C",3.882511103,5.86517135,2.886088705,"nondominant"
"F026C",2.277060683,4.811743915,2.99697582,"nondominant"
"F027C",2.526909067,4.450352868,3.005040255,"nondominant"
"F030C",3.661896718,5.02520155,3.060987913,"nondominant"
"F031C",3.817612098,5.822328625,3.18951613,"nondominant"
"F032C",2.038892688,4.828881,3.217238055,"nondominant"
"F037C",3.89390581,5.834677463,3.22731847,"nondominant"
"F049C",5.131740925,6.773689475,3.23941539,"nondominant"
"F061C",3.967950746,5.37374,3.281249955,"nondominant"
"F071C",2.799121213,5.469002,3.2903225,"nondominant"
"F072C",2.679196575,5.439012075,3.3296371,"nondominant"
"F075C",5.778673275,6.75504035,3.3437501,"nondominant"
"F078C",3.608330943,5.217489925,3.38659263,"nondominant"
"F079C",4.17245258,6.122983925,3.414818645,"nondominant"
