"stim","mAttractive","mTrustworthy","mDominance","trust"
"M001C",2.5841557,5.558971725,3.061491945,"Trustworthy"
"M004C",4.476539663,6.470262,5.17540316,"Trustworthy"
"M006C",4.032478013,6.0640122,4.37953625,"Trustworthy"
"M013C",3.5250387,6.035534283,3.762600865,"Trustworthy"
"M014C",2.716016733,5.649445575,3.179939585,"Trustworthy"
"M022C",4.331637108,5.7741936,5.63911285,"Trustworthy"
"M026C",4.424893165,5.823084825,4.4395161,"Trustworthy"
"M029C",4.198012341,5.814516125,3.89112902,"Trustworthy"
"M031C",3.463006678,5.921622915,2.62550405,"Trustworthy"
"M042C",3.522895425,5.596522235,3.357862932,"Trustworthy"
"M049C",4.392785933,6.053175375,5.33870965,"Trustworthy"
"M050C",4.250251816,5.690020225,4.80090731,"Trustworthy"
"M051C",4.167648324,5.67212695,3.97479837,"Trustworthy"
"M058C",4.24908,6.1066028,6.1416331,"Trustworthy"
"M062C",3.894796171,5.597530268,4.50907254,"Trustworthy"
"M069C",4.275237033,5.749747885,4.9460686,"Trustworthy"
"M071C",4.114419707,5.923639075,4.25302405,"Trustworthy"
"M077C",4.403798763,6.415070475,4.524697575,"Trustworthy"
"M087C",4.382522335,6.061491925,3.8830645,"Trustworthy"
"M093C",3.9262055,6.071068575,3.91834666,"Trustworthy"
"M008C",3.641245979,4.033770203,4.1507057,"Untrustworthy"
"M017C",3.641794949,4.724042335,4.551915335,"Untrustworthy"
"M019C",3.080667168,3.257056473,5.084677345,"Untrustworthy"
"M020C",3.323378226,4.750000023,3.84324596,"Untrustworthy"
"M021C",3.849659221,4.828377083,3.62298385,"Untrustworthy"
"M027C",3.517054148,4.682963673,5.03477819,"Untrustworthy"
"M032C",3.161673307,4.74092746,3.8210685,"Untrustworthy"
"M033C",3.50625634,4.943548355,3.691028265,"Untrustworthy"
"M037C",3.419391698,4.31502017,4.32157265,"Untrustworthy"
"M040C",3.370865869,4.419858935,4.1174395,"Untrustworthy"
"M048C",3.321677068,4.317792353,4.117439515,"Untrustworthy"
"M061C",3.398417288,4.652721745,3.954133095,"Untrustworthy"
"M066C",3.349829395,4.707409208,3.618447645,"Untrustworthy"
"M067C",3.741735362,4.9541331,4.70614921,"Untrustworthy"
"M070C",3.01052469,4.7144657,3.235887104,"Untrustworthy"
"M072C",4.277655874,4.8732359,5.269657165,"Untrustworthy"
"M076C",3.943406958,4.724042295,3.86794362,"Untrustworthy"
"M081C",3.246308662,4.350806448,3.761088691,"Untrustworthy"
"M086C",3.818713133,4.845010075,3.960685455,"Untrustworthy"
"M092C",3.15031358,4.779737903,3.25806462,"Untrustworthy"
